caudal,potencia,presionTotal,presion,Rpm,D1,Qf,SEMAFORO
0.2,47.5,2980.2,9934,1500,1.133651247,0,RIESGO CRITICO
5.6,41.7,2564.4,8548,1500,1.133651247,0,BAJO REQ
11.1,38.8,2158.4,7194.7,1500,1.133651247,0,BAJO REQ
17.4,36.8,1782.2,5940.7,1500,1.133366501,0.428449845,BAJO REQ
22.1,31,1316.8,4389.3,1500,1.133287043,0.49837319,BAJO REQ
25.7,26.2,861.4,2871.3,1500,1.133287043,0.49837319,BAJO REQ
28.6,21.6,435.6,1452,1500,1.133287043,0.49837319,BAJO REQ
28.6,21.6,89.1,297,1500,1.133299655,0.487415883,BAJO REQ
